{"frames":{"jetpac_atlas0.png":{"frame":{"x":0,"y":0,"w":43,"h":56},"rotated":false,"trimmed":false,"spriteSourceSize":{"x":0,"y":0,"w":43,"h":56},"sourceSize":{"w":43,"h":56}},"jetpac_atlas1.png":{"frame":{"x":43,"y":0,"w":43,"h":56},"rotated":false,"trimmed":false,"spriteSourceSize":{"x":0,"y":0,"w":43,"h":56},"sourceSize":{"w":43,"h":56}},"jetpac_atlas2.png":{"frame":{"x":86,"y":0,"w":43,"h":56},"rotated":false,"trimmed":false,"spriteSourceSize":{"x":0,"y":0,"w":43,"h":56},"sourceSize":{"w":43,"h":56}},"jetpac_atlas3.png":{"frame":{"x":129,"y":0,"w":43,"h":56},"rotated":false,"trimmed":false,"spriteSourceSize":{"x":0,"y":0,"w":43,"h":56},"sourceSize":{"w":43,"h":56}},"jetpac_atlas4.png":{"frame":{"x":172,"y":0,"w":43,"h":56},"rotated":false,"trimmed":false,"spriteSourceSize":{"x":0,"y":0,"w":43,"h":56},"sourceSize":{"w":43,"h":56}},"jetpac_atlas5.png":{"frame":{"x":215,"y":0,"w":43,"h":56},"rotated":false,"trimmed":false,"spriteSourceSize":{"x":0,"y":0,"w":43,"h":56},"sourceSize":{"w":43,"h":56}},"jetpac_atlas6.png":{"frame":{"x":258,"y":0,"w":43,"h":56},"rotated":false,"trimmed":false,"spriteSourceSize":{"x":0,"y":0,"w":43,"h":56},"sourceSize":{"w":43,"h":56}},"jetpac_atlas7.png":{"frame":{"x":301,"y":0,"w":43,"h":56},"rotated":false,"trimmed":false,"spriteSourceSize":{"x":0,"y":0,"w":43,"h":56},"sourceSize":{"w":43,"h":56}}},"meta":{"app":"https://github.com/piskelapp/piskel/","version":"1.0","image":"jetpac_atlas.png","format":"RGBA8888","size":{"w":344,"h":56}}}